date,AANGBULD,AHMDUILJ,ANWUJOKX,APQGTRMF,ATLDMDBO,AXULOHBQ,BEZYMBBT,BJALXPFS,BLANHGYY,BSRMSVTC,BTMOEMEP,BUZIIBYG,CCLHWFWF,DBWLZWNK,DDEXPPXU,DEWLVASR,DJBLNPNC,DNMPSKTB,DUCMGGNW,ELQGMQWE,EVBVXETX,FCYBOAXC,FDXPMYGF,FITUEHWN,FQCLOEXA,FRHNWLNI,FTSVTTSR,FWUCPMMW,GIKPEWTY,GKQIJYDH,GMBFCMIU,GYHKIVQT,HCDTGMST,HXYSSRXE,IGDVVKUD,JBVHSUWY,JERHKLYW,JPBRUTWP,JSLXRQOK,KAGJCHMR,KEUWZRKO,KFQSHBNH,KJNSOAHR,LLHREMKS,LPHPPJUG,LRVGFDFM,LSOIUSXD,LTOYKIML,LUENUFGA,MBSBZBXA,MIRCVAMV,NAQIHUKZ,NZKBIBNU,OGAFEHLU,OJIFIHMZ,OKMBFVKS,OXKURKXR,PLMZALFA,PYZMVUWD,QJQJSWFU,QKXNTIIB,QRKRBYJL,QSDCUCLB,QVLMOEYE,RAWUKQMJ,RCBZUSIM,RJCAXSGH,RJGPVEXX,ROACSLMG,RUVXNNVA,SAAYMURU,SAHWCZNH,SDWAYPIK,SNHYOVBM,STZDBITS,SUOYXCHP,TANNMIMB,TGOELCAG,UGEQLMXM,UIFPPCLR,UQYUIVVR,UXSPKBJR,VBYCLTYZ,VMAQSTJE,VUAFAIYJ,VWMBASNE,WBLJNPZQ,WHPUAOID,WPQXWHYO,WQMVCOEM,XIFHSOWQ,XIIEJNEE,XIPPENFQ,XMKRPGLB,XUOIQPFL,YSYHGLQK,ZCELVYQU,ZGJXVMNI,ZKENOUDA,ZXERAXWP
2022-01-01,77781.8948559512,42562.7863276187,,-76990.8426313927,14871008.536127752,-83706.82937841838,117389.29441912315,72902.83100581582,,1746785.2378022925,17554642.767337155,-108322.16527823583,18487267.750249885,-317347.8396035575,-6936.534429027412,-72053.44060160119,,3100570.750146632,-174827.9256645337,-69505.02689372965,513418.65094410646,-4252138.706063029,-12103.103650509964,17853.24936688585,-223037.27643460274,61841.642109303124,122495.78992867965,-2864.678531682686,,-1564212.3386175665,,-10607077.171441257,,1246341.350934999,-35242.19934207728,-192422.71457331695,-736.4649569056245,-8472.405117182756,,-4228.2479559406665,-171513.24642582695,,5716350.339519359,-62539.88690282186,19539.549140135136,43951034.672292456,-109928.33636294593,13622.69302515581,-528820.7817953024,-1787916.74147316,97304.70898333543,-1672.10756866484,-96096.35519770351,7786165.27567556,2857901.721194717,239560.31961632948,-60625.21896226922,,,64090.852375600145,1129137.1109623292,-2479936.005893976,,-1495182.491116043,43344.05982519791,2331.502232528026,,24225.114390125127,661513.049365933,,-33464.667017538035,1462277.2626303837,-1527182.4696838732,344117.0042891424,-1287165.7180438463,-52719.39593240879,,,-135741.48740340443,-160288.79665802355,718360.5458715241,-18787.37602620659,-73350.08143872589,61894.69961949045,1455.359974446792,-319127.9885012986,21563.401434259085,73108.82535806949,767849.3683944214,33372.47509533375,7008.2917872642465,,-17905.51816307031,-260985.31582848597,2817157.752749486,,-34824.09228814226,-70854.12988559177,83375.45565214135,2249.0430131619564
2022-02-01,94862.590541166,-29181.879504055825,,-22446.571855558912,-14147119.969557447,-74251.25522464259,198702.90154605694,-52281.310540462175,-33639.67902408844,-232258.25446103423,-4668115.472506503,-4280390.723012631,15940864.385398585,-209794.90294519468,-6066.848366882373,-60411.771582088564,,985491.124943424,274661.86038953555,-10219.944190126065,-1442174.8122633123,-6711379.8693783395,-11823.391979690361,-23144.552186228866,76129.98447038577,-79807.81294350907,-61577.28604163879,-3855.6163558273515,,-12446521.842499917,,-16447752.725856436,-4820.6218634335655,-1137437.763335785,,250822.6532420062,-1374.5906292934283,-1327976.536312729,-16794.618660904405,,265882.9558278842,,6951926.956290567,92581.59053162317,76628.92448251683,1151176.1649339674,-82030.13715437823,-180643.02387032958,-551598.2767963838,-1561558.0973559953,55926.07654454639,3450.656171626743,-168549.13155122526,2241634.188783602,-1137162.1738403449,-414349.35086075973,-62958.592642334625,,24729.527292897965,55113.6683620918,-492597.5178022042,-1885192.235479794,803.4297839506177,-1689465.422560641,-1643948.133387764,-6567.8112334562975,,-281170.35653290735,-893956.4856125201,,-10717.60527474179,836524.1588611109,1695907.5934144764,-146824.14803992075,7069756.878705386,-78598.57655053532,,,92755.63727382655,26393.648571045484,-1935953.6568777564,303438.8496521942,-507233.4066576206,-35885.26188697755,-121909.54331364382,-573791.270693334,-88642.36689676074,-45909.29175747795,-2590578.7522543035,-157210.12593484382,-856.6720317678701,-369246.41466858424,-35402.7812635821,706298.9710662542,2167892.2944799024,96.3026898731706,-43670.79488659056,-85880.66721430006,-1099.3154437220078,-6956.567023268887
2022-03-01,82804.33453629394,42570.70008586245,,-238036.4420923885,7261206.52219603,-54888.54360385501,-1047686.171331679,48798.142277818675,,274796.2495442594,-7675712.569335266,587674.6942027642,13662234.938794615,321117.98480214056,17637.48689073484,-67811.21903872695,-3409.004461583382,390342.9813008598,-720445.1855363905,883.7440254317858,193333.54866920924,10969239.649532644,,39355.284373411196,406087.9896573758,-792063.9181371339,819.1968574060661,-2353.929343797548,,-9801569.808924798,,-6705588.37128908,-38814.42734143499,297912.507654668,117196.05800666427,-174141.46547280153,-2495.9086757627915,1880365.0253015037,-2342.5871493265363,10942.508505356467,1000470.8185475239,,5505611.602704162,-3314.557213240987,452761.12130889215,10204479.060645482,45984.16412838223,-40211.95933785753,4563071.639690927,-1520462.943257953,,-2969.6061174566153,45271.446705219154,6986479.534167056,895505.0816317049,268614.1144676473,47018.93546260076,,1084.8140459789827,59359.28997219341,-323359.52273931995,2909712.9371571606,70.4297839506175,-1181855.3682620656,35630.78239764654,713.8032113773043,,-32112.408467095098,342301.49041144626,,2293.1505367852374,706592.3119796576,2842352.339434246,105737.05428535296,5233253.095538963,-76568.21894655975,,,337877.7763392451,158658.62365018623,-1437535.877670604,-762468.834809611,146149.67317642728,169562.96915814414,-113212.80378350714,-527236.2386606096,24751.059581576814,12390.898965573577,-400744.75406832213,-231582.23904666858,157345.59095540762,2402992.888725615,32989.71365172195,342669.4994687385,2201490.8113045925,-837.8700689560965,-24490.01772034425,137171.28238788265,23382.830440915786,10324.729706810373
2022-04-01,,-29453.590752416454,19588.64988425931,-31235.862812677864,-616259.1842707146,-69867.53672613426,-620340.5702016638,-203556.13442917392,,-51194.657450770654,2777642.28970768,-1632848.6017811804,-553453.8067703011,354178.790471009,6615.223020279576,-92582.59176568316,-3433.2524413210976,1118794.1940734417,556622.1549495938,-10123.838239949786,157917.20210689053,160846.257345427,-9832.537983399949,917.6817391185148,-133518.43053318813,429781.04587575793,81027.68372452699,,,-1495583.2159410217,,-3271889.7563407077,-53386.35562154498,-1502881.929705368,-19961.455339470547,3851.0783336951736,-490.41961486118464,-1212142.7411329602,-13595.593428223436,,432963.5041505788,,-4510202.000019274,7215.599450325805,106323.94802644574,17372205.875000272,33596.414839020006,-80996.90325329719,4506548.95169892,-830546.2888844502,,3911.3878726960074,-61271.827978881214,2653742.267052784,2153418.7533640815,-109368.94551320878,24803.51836001121,,18262.867003234882,137910.00667521247,-701861.0866738833,925539.4737978139,,627286.985281758,-883045.2263899503,5684.527370610397,,-106866.33303935737,-482763.94075994147,,-13573.253915221985,709704.802630359,1219051.7647978142,-373960.25919654506,-6444973.019535865,-72202.35768416448,,,32504.363432106707,-171153.8584358166,-1151201.8256858278,-159069.65962444508,-110271.80649183135,-65597.88290540551,-247745.34406588672,-609421.7678504556,-818.2723761667953,-47202.60431489767,-2987862.807600699,-38129.05404975761,72437.96637902499,,-63129.194234128394,-310731.9178018224,-1721547.7609529898,-621.5687719113961,268290.61409894546,-203772.12242974126,-40817.43942065069,-5668.061434422882
2022-05-01,-7352.962346136437,-64690.40019222492,37678.64988425927,20526.894898770457,44109.044296843465,-40308.843988555986,1208154.931518627,49826.42062826565,-16122.80363876182,-261615.42165506032,-5117016.647065498,4937430.9629101055,-10043953.52290208,221721.15645105648,11334.903769573568,6314.357049083026,,-1329600.036225445,-930355.6408330388,-90760.26499402482,667724.9819640652,11566673.047940383,-9331.123565319405,76420.31677144447,270603.05099951016,-418995.78410567646,127837.71083543346,-2021.421004352222,,24070137.184558246,676.218934863683,14559933.931421801,-56869.03180961515,-1354351.4083220072,-34645.93571191974,250763.05112921417,8672.233581222701,2671305.2240390596,38654.5832764801,-15238.097795756112,-314388.3453795229,,-860104.3733758888,-21258.84533729291,87280.62642289138,15933038.125815315,90246.91001094572,121452.26120750498,3901484.8445649114,-2040914.1721436998,99561.76970789251,1408.581697858128,72226.4385918176,-1869520.6758850736,310077.7099716233,717338.5655781404,23632.19224323774,,-12711.513896646384,39822.447257867294,-742201.1600916787,4095982.2767079803,,2574814.0273205237,1303541.9919935195,-5316.3393242595,,-123600.98434116479,705822.3632363705,,7332.948217537981,-229352.11380673826,1709563.319208173,55113.70588854711,-5024920.513059326,-98863.27678612423,,-301387.8520043441,-57213.80523024059,165825.0006107891,-162967.86412656397,523499.7450005027,628865.3822249696,108567.8337321198,-204964.12304744293,-391770.98063463456,42386.04321772847,27664.699713980375,1060569.4643291698,-32179.20112229373,173740.6245069003,-240293.66567021247,-50460.90591252779,706346.7816965536,-1663725.0363308967,-883.8247191209757,355835.6989765857,24844.951687085253,-3630.8997215311256,7025.627854752245
2022-06-01,99165.23392593623,24911.719799583647,-17567.35011574072,71662.52202873635,-33995524.87592884,-69070.96651783452,-899099.8336189446,-81969.05022938062,-24212.777237469352,416258.9223168389,-4257434.336912384,180374.4542981792,-9875394.024201205,-17360.08542961935,6228.5378982494085,152584.20731053414,,-3447637.9758066055,-237729.5640999556,-40500.759771552366,995009.9823062097,2632221.926549531,-11322.866943690335,14426.038911035572,239577.08768101202,-215737.60469202502,46093.73036292115,-1928.8738456788785,,-1083555.4835339244,,-2600072.124244095,,-1690494.2344817198,,-178232.76933688507,-2342.183769306073,290403.16772806016,4092.956948425869,21527.642961954516,286357.4201216732,,-1919373.337091175,1044.3563829887582,-4833.4624575336275,-22394066.162926,8446.320695985332,63575.16932284836,2583810.852331657,-444115.94814146025,,1569.0424217252912,78612.08240969882,1105981.9004138066,-1681544.5138929076,203702.90835804885,12833.327577197302,,11084.447440655076,36452.4689064146,-165367.96209513937,5342770.590217666,,1332614.4603748785,597872.0461317718,15041.555546141295,,-32474.12356580392,418057.77441179595,,-7835.707222728506,271550.17330592166,8375780.849045857,1572196.7691248108,16595758.682888376,-70244.52800160406,,-178844.52129709517,-35450.78061855552,41492.980351737475,-2225959.7070126846,-576395.077056829,232407.47375982546,13576.023344119487,-15978.70104606846,159646.51840580386,-123400.85721419279,-59526.39476038884,-548345.4368845216,-25211.20460962656,379914.0388539251,-254218.2458501689,-8949.672152532174,322363.0247512437,-2477003.2818670324,1724.320311083712,280892.64773993817,-79.53844688269601,25937.59167052316,-3165.0543341027696
2022-07-01,,12767.467918805629,-35521.35011574073,282270.49671019404,29916344.924332235,-13937.853977892606,887070.4796674971,-73734.5086714495,-21645.34316799227,-366743.38616556255,-5609799.497241119,1110389.544300643,-2900147.8831705363,-126324.18608216145,-818.7467544026747,16208.94103906659,,-1022973.5248698512,824548.1420838279,177278.27594884997,-749503.5130138653,7418405.632723161,-6214.186109874178,22332.52075286135,41127.65669563631,421130.8833105748,-48045.9890406751,,,-2433470.3818695177,,5358675.024636612,-85468.23699717796,893053.2293567966,70103.01114009773,276710.9481926634,-4179.213495113616,-529185.6089520298,-8339.825575191104,14711.01227248027,-237655.77258508958,,-1700602.3229728122,-22576.861948578906,-155052.541995575,-15265427.644934928,78680.5213305123,-77278.10760932078,1326353.7038430297,-520109.6756064091,69712.15927222728,-4677.080787102575,-16431.87805701427,-3211545.3705805717,2123682.5329114986,-83891.38181044988,-67674.08658108232,,-14127.743467284621,135239.18746397516,516281.50620821957,-2839455.2332724785,,1520207.3707673303,306509.1635087979,3372.6553647032074,,-350871.5494940627,-436774.278481082,-50.04114422582306,18803.052444625213,-1217601.8263821483,-137700.66459288087,-192655.2267910012,-7535783.884346743,49823.52566170059,,-321680.2918931659,36469.33581851473,-80303.78210798847,-3109100.6880488005,383569.57065810513,-181997.81174299592,-11580.647109462814,-137889.04823841766,1174527.1835415969,-114927.47667641637,-24702.18353220254,1972117.8346513442,119114.31930675473,180745.61685135931,,26685.307902720146,-271669.64174074266,-170673.95498205803,242.53995328330518,5083.661110502246,-20620.558444921357,41663.387657336796,197.83413171404018
2022-08-01,,32645.497069828856,,-190298.7033344942,-476154.75138055044,27028.269657419347,-953982.1821503566,-117910.60265008685,-20296.9830809949,-39133.28986006479,23202190.082429513,2938353.490839391,-950659.9550736619,-131514.53340820293,-16552.593527075063,102006.25307464693,24737.612542289546,-366235.7898413342,190819.508216893,67714.2730523015,508725.00789947703,6265042.2360127885,-7347.084151521853,-27488.0546736789,-76638.33109700566,-90588.67220629074,-3843.339591299248,15234.93271651401,,462481.56116444175,,17115003.98443062,,2139188.883162819,-9155.479192894285,-284278.0141492905,1586.9692481050595,66055.03889623146,11622.588273064523,21250.52265655718,-105432.46130702,,-1428128.9275101388,55125.32525244843,-121184.96074212556,-9794834.939266007,137645.3346904099,120646.25479457327,1412777.3324522441,-1072293.5055467177,98828.7193320725,2131.4200152663902,54130.247436804246,,1019026.1178986451,185160.16986303465,-44760.88943798756,,,-49908.2096778675,1349975.3032567296,3904502.7404507515,,928883.4095527009,-314664.8943765113,7015.159617098185,,311932.1788038809,132960.3633704392,,57691.40978065647,1106016.2436389127,-257383.73721434834,-76410.02399741259,-1517542.218518018,-65262.4690649049,-704.8101851851849,,-27029.30509941518,128769.63960559118,-1167005.5643543852,-594648.746584648,91871.35488291096,-45059.24460537221,413536.79937562114,2000936.5886774503,-225688.96142275684,11289.501957044606,1348942.18605342,31117.348296016473,-83651.04827166171,,30240.66116218581,-162394.96016712327,-269547.44579692517,-571.8921192672467,,251357.33883089357,25123.486916931473,-4739.2047072332325
2022-09-01,,25082.667598756194,,159232.86120826268,-15713515.173400275,55031.02544755982,324031.6494082333,4828.458239465096,-5098.558521857818,-235451.94927036797,737273.1441881434,-2729863.8392997556,-4201296.403696775,-346075.10463041853,-3758.1076580282606,-56486.73524761771,-148.33941675714837,-1156411.7476789705,97423.71383938141,-52415.00229037235,-735391.1531046282,-9949938.935817918,,12.591062364879065,-387534.5916824922,594418.353162239,-43352.34144488931,-2818.494810144836,,13245060.609041307,,-12503123.658769712,-18886.938046446292,-1344828.379319289,-15808.14394984924,-45225.725091885346,-5415.120265969019,-64875.53775947693,330.4449526105984,-26713.17211557005,-427873.2934536787,,-3481925.3514377214,-23102.858084353888,45663.824350920484,-16446445.708822062,-32647.366009694724,-160692.02841046115,-4237350.725024332,2174384.135231731,-60764.60532722931,,62444.88210128401,-3573168.233461826,-219667.26121842963,-377842.7246082529,76726.76923525619,,,-37596.48194232316,293457.1884108817,-1371510.4178593103,,-606500.458270347,-1059728.760005373,4156.520274280541,,-108643.04957244183,72690.92582799947,,-10708.374658247563,-640031.6813949307,-6273808.944617255,-535470.5180929744,-3441634.2279705196,163230.91189864874,,-280040.1622017639,77847.88759941388,-40193.34758377362,-1799790.5181505026,127926.4566105843,-820.0783993526456,50667.962542917914,220096.16510051693,102463.95015174564,-320007.6089501382,165514.3153685237,-188526.48720553995,118956.41713813548,-150042.06973516822,-284860.34050521156,48543.56494968498,-722371.8416932714,-785813.4464798264,,-185770.16244471812,-244820.07615150113,-19169.318767282664,-1868.3248105351945
2022-10-01,,-25188.861276932304,36483.649884259255,-248800.9481471297,4676730.053472703,151578.29755268653,384830.33693851327,95622.06542848135,98677.68496373354,-469288.6524554529,-4658228.6761923125,542962.1308071334,-8086244.701883834,196379.566795607,-9578.766389977596,,-3484.9010836129755,-1407174.3593838848,-234056.55276709408,-103393.0306183466,-191471.57133035315,-8617596.070851266,-10202.857398121412,-9530.142654115602,-98688.91454952463,-169008.10380637873,-96498.5203291623,1146.3465041916363,,-7731559.000138727,,11505125.074274177,,-1964787.2010346444,-3086.7847340691023,127543.7802808824,-917.855229362125,308482.840561583,-8661.895406530508,5763.296695872487,23735.66880790348,,5712402.937821984,-10281.299636382548,-165350.7768686142,-13295611.345465789,-15966.46890585173,16040.670731798224,-3705495.7532721865,-829265.6667432232,,,10839.967888216346,-1604534.8061673462,-598907.0494251072,-276750.7617806702,50321.7375280981,,-17376.998861080818,-28878.804518388155,-1088298.802107179,-3662783.219254165,,-599460.5332274272,-70305.949946672,-9554.029442656578,,141184.46756989445,12885.456318666866,,-4134.268245887165,-640483.9526623202,-2042182.675046913,-106130.82439972056,528388.453410104,-91739.02533947845,,-354162.0019953237,-75086.36391416818,58941.142601154155,-370489.1881878334,855888.7585092053,-96979.24742724773,-27896.44243577958,169178.8825731154,-290697.37922519044,142252.7412049011,-32585.39683782319,1137825.9066405105,-160272.60031614118,-46113.49845195009,,22926.025341590932,-174095.07082449578,-597039.2593468595,-596.053454914952,-124342.44778982707,103070.84973162247,-37508.19020949603,-3722.1704886278417
2022-11-01,-7317.136789601724,14723.825199975143,,-67916.82614056284,-6047267.911051097,23516.195593206674,376841.9912860834,138129.322500557,-7292.365128712501,-40415.29875501161,-3206882.4175314656,-743184.0831196994,-12219111.087648405,-60194.06305159536,2508.88370231778,95739.0983966945,,782446.6249332895,-379707.2759200543,-107762.2462578226,-69189.27782527343,-11331069.272595605,42937.20060837046,-26696.283729569597,-377167.15864025225,-126155.49341132506,-13721.640846530172,6343.398505027012,18116.178493923628,7220028.778114044,,-2467675.7602602397,,1970114.8960099176,-16169.97482732587,79530.78691645565,7535.871169764892,-1512292.5228152764,11765.033375743827,16229.632948921619,416327.3576118326,,-2952217.62162696,-3220.8826513634995,-220295.8134623767,-9195486.33363558,-93513.82283329414,-58751.10830730394,-3995935.0055062403,441422.6543504414,37774.838054647946,,22224.08584682087,-1705483.1331412604,-2205589.5621650186,-229453.71812433496,4797.997110327017,,-18060.623892925134,-141959.74018427246,-286987.13859535236,-1287938.350237958,,-684704.5870854123,455639.920214762,2775.270938551659,,268669.48352611955,-409777.73177002533,,-18744.20911709613,115420.0983803068,-959834.7556896775,-16258.601346394807,-1241483.7157216072,-32449.87106253676,,,-75259.84610131341,-162517.61101183112,7841917.186056792,-119485.11731460894,42859.29321358893,-111996.63816783752,141490.35139346033,-287322.8195963897,153076.0663461952,-35216.434248561156,-941713.4959361351,-128555.54368819845,-149581.33617939864,,57530.3173536415,-875495.0564632083,167064.80779170172,-81.00197219590163,35011.54525420346,-26180.586807955395,4351.40753774505,5096.753208106052
2022-12-01,-18430.415106655535,-26637.666938526516,,290988.3982894252,14522937.602609951,37212.54187742909,-223478.44179623527,60791.639627535485,,-292447.76782910514,-4960955.208980393,-567593.3025519375,-72211.5001591007,55937.369146147794,4201.280260243701,38828.71166963957,-322.47242389151086,2426957.011158752,852654.4792436439,140037.72832505812,256693.2879949289,6101702.6862359205,12789.588660460018,-40642.86069208272,522573.754734775,409240.50994700857,41510.5737963068,-2396.7666339581,,-7562819.885519169,,-1183485.1276490856,-18264.74207827084,1344797.9665026858,-12085.327899057855,-14108.18627587059,-4642.581708818796,-208548.67034825325,-13064.380937032518,-16687.640701629065,-714809.0552293019,,-1836274.205220511,-21244.537408635315,61566.10519253055,9682811.753452158,-77460.62927501333,178980.05786959958,-2439619.4020136413,4259494.257815074,9361.806363558448,,-49849.91400893023,,-1457790.629611163,102383.21589081064,-42875.9760909733,,-10438.064238638617,-114675.37832920383,-72786.87047399394,-1958924.1421155848,,-695849.6377092388,284842.5212930207,-14586.719729673277,,87993.23868695229,45796.26384448149,,1996.1882871157009,-1306856.0741792892,-1734364.9432423064,-240715.50381737758,-4171989.6514535886,,,335822.95422644704,-107092.19233730155,71864.14601339128,1841430.5252727023,-278713.03242965485,-126420.48687283782,-27968.897440388853,44557.601626608826,-509709.6369196565,508863.4334363851,-13611.533028291891,-421872.3721685402,340065.20418618876,-265745.87467737566,-175881.70772699622,-8534.993471321623,985502.9464391125,1367338.5437421128,-2484.750538743993,31366.40695449131,-189629.73428336976,-48239.52104557502,-2321.2950554943322
2023-01-01,,25918.43684653727,,-101635.87938161132,18487923.23803594,-64014.431736832004,488404.22566367325,20412.795496194576,-20661.925679940752,1346770.579018661,11851798.828035142,586887.556089896,20946408.040741406,-196409.98029356974,-8591.03627345069,-14311.55872620938,-2454.2761090790714,1455534.3304724735,-128620.98373896096,11952.635797671148,210361.37866549398,-5994537.1115953075,-9943.150834020156,1581.8339581391579,-194987.41902538599,-159408.3978316209,41294.51466449929,-2113.6500512516636,,-3044968.9195120097,,-6264123.089716576,-53419.544047123185,1172888.7819377207,-9508.491774316954,-244126.8660712846,-3860.230021332782,-287591.396317738,-6654.472149005916,17897.44521812822,-208473.6852405652,,2360025.433269746,20469.56944588058,112489.63489423852,28814161.368752185,-86768.37470543142,-41767.156611389095,464223.14301876834,-134373.3077940221,-34413.487439286764,,-58519.993645103175,-1139288.0981964064,1858897.9960556133,196113.52342582642,-11162.561401866531,,24293.271850950332,12476.36072532281,1004787.5485955743,-684981.1887985475,-132.57021604938276,-854682.0088061579,388799.1140011806,3409.592920038197,,12106.511176069856,459248.4231343755,,-1045.0960170627286,566048.1800742976,-1719186.321813498,266165.9201481203,1340602.480746526,292590.0124196723,,,-69589.84826391007,-41492.69002314323,-488416.04536976357,133996.05556661074,-44449.10926746152,17134.572199382645,-68495.27504259112,-278511.6076259038,29243.74005371749,31473.042044093814,1937342.0823724277,44348.79427717127,-82523.21474365253,-204072.64565155187,-20515.213902638105,-448068.329758378,1366386.1590051975,4493.211139922518,-286219.2604342711,-211427.68130942064,-21831.21703369014,5287.956375490859
2023-02-01,10950.15282606753,-20907.419937353192,,-29447.603988366245,-9440206.335166069,-37305.8638724145,-355575.9214981425,-57581.27447922367,,-300745.323235431,-1549756.7909250539,-3578812.4140245314,16238743.695891373,-170262.51697455763,-4447.534388832466,-15026.423768781584,-2581.594011616021,218932.73678205762,17372.51656731785,-88328.06869603852,-813988.3675985866,-8749742.973927263,16894.619944806735,-28329.296603072355,-139348.8340799016,-181281.08789834892,-90272.67465943127,-2053.047107746974,,-3431988.4350507203,,-8205063.141881194,30057.83577166007,-696952.4287439027,-6380.390869281386,232032.56946498383,777.3481171640175,-1162803.072078727,-16055.598076922111,,149815.7603398927,,3336014.0160804647,57826.408187958885,-46989.630802529704,3769431.073377231,-47262.12091445281,-83796.36725103337,-164764.85728659015,-1057078.035591286,,7175.793295856775,-139092.66399990287,-2045506.908809057,-1402948.4557093156,-340879.06659017445,-45980.60768453409,,-24848.87343813948,52298.378456312435,-329586.79041292757,-752008.5751785208,,-997643.8556702981,-617176.9291002097,-4163.9143458877,,-210756.4298643159,-769846.62289097,,-14039.48260250788,368764.3593916293,-448201.03634737723,-172263.9269801335,12385638.14223577,-46765.829236327685,419.1898148148154,-361635.02273500554,55430.08034321233,-92451.09443359105,-449379.5467421419,123158.00674268023,-297177.7071901391,-15901.000357056622,-194482.9484927595,-429034.2303313957,-49444.49586330914,-48796.806661677474,-1689839.4444914658,-96509.6964282546,-102052.32249281053,-161384.69257315047,-53468.37059198907,505603.80436621926,974568.9880255121,-988.9761446819207,24794.200036869253,27852.52042099666,7766.348302849396,-4036.159154856775
2023-03-01,,22837.055733876212,,-170402.34117281093,1161774.0828315811,-27898.616523847388,-465746.0632150348,4644.613674072767,28659.548412768076,119640.8162736712,-4895146.4530234495,-95527.66991066514,12480749.54101736,204852.59531086785,14669.822748943729,-66605.32743378617,,598843.6543057398,-221416.21508737394,69081.78431405911,91345.03211167616,6466648.584280181,-8120.51271682527,45886.7460245393,107897.36337660784,-319222.7863468602,-14182.926579840536,,,-2930376.9597350773,,-3437416.4479587357,343639.50169274944,263711.0500944492,-10841.906624020254,-173947.0275767746,1257.5473157549686,1226080.8258769356,-1620.046090655687,,477836.5520526673,,2797659.6674978705,-11864.147116224125,246683.50984486332,7262413.815184559,17352.275319111297,-120151.59588437794,1154467.2705671908,-225318.27153586934,-83044.77081439417,,24914.52920150394,2552285.8239368494,302808.4872710171,87056.90596784926,15797.578519865012,282.30373505015405,4601.384791546744,24109.7419481903,-288204.67404071405,1645133.005454896,,-666287.1987800016,77428.53805665104,-449.5494827077414,,-65996.99540542872,181526.95198899502,,-2798.780221457446,380527.38771294395,4125745.399325602,252042.14489970333,2759037.1252383143,-54479.08944521813,,1074952.5114911005,150162.4682349363,86819.12183634739,667172.3799375575,-324589.4199990209,117962.53422827953,120356.09548725281,-204013.11705492152,-437538.11119040294,-29199.872207075878,12100.253026102559,705253.7443736094,-117984.0583287946,35323.69922277462,-127092.43342999383,16165.57604531132,-22096.988980066326,1268019.598479554,,-51610.808659485076,473431.57297895395,11755.961475752132,4520.1829243671655
2023-04-01,,-17151.934014352228,,8200.248600872634,-5740395.93009497,-43378.197744427816,-313458.4207403886,-77845.92666314993,,-66186.95597741174,-365679.753607159,551594.9950566815,-972757.7471131736,382119.9335564716,-1392.5474699288286,-125061.40941941741,-2329.84843369081,643314.0948326986,198122.43623141595,22644.086586571233,54615.61838266277,4374422.272006402,-7783.154726366704,-6591.8711983352205,-93214.89108063791,179050.8861952675,,-3424.514004407179,,40188.716911331925,,-3604587.409003924,-67223.3809444527,-764458.5329567078,,-168332.78546828043,1205.6259998250173,-518025.7073065121,-15921.85913626965,-14830.399172911442,501770.2819186321,,-2929337.590437312,-5923.9773700171445,-7161.6002695300385,10715529.660520988,26888.703285522508,-59505.9437274941,1919668.685939893,-758547.027862468,,2871.420304356005,16281.158048536792,2853114.6677850382,1916342.4523249536,50071.493255065296,32431.247729103616,574.3037350501543,27381.838833322287,71935.64723841958,-288970.9464729418,666532.9431654464,,399035.4090297973,-385094.670697482,3219.3216563059514,,20260.927651083064,-203974.31873844436,,-9931.987199978008,568719.5678996443,1261916.0052491645,-435902.29892543994,-6754477.710651619,-54892.34364575391,,,44402.12599544206,-58311.010996991514,-1189883.7615897364,-94076.72134827284,-100450.2064708035,-54095.073924999466,-300760.51532867015,-433756.1103957497,-56156.883045275776,-39096.82924503469,-1854374.7783756193,4143.513960803364,25539.977438280992,,-72596.2931926048,-22587.49914395895,-360921.79434159416,531.4692277901262,-20601.11261370325,155987.37098696825,-45340.387703134766,-42.93835751873371
2023-05-01,-15259.6698074257,-56745.17002588462,,25913.06892183822,-3354510.8414519858,-18065.723635416354,967340.1789536935,22616.238461575525,17260.414080870152,-189177.734032705,-4759937.980635627,2521053.848217199,-10943330.401749605,74671.85155322729,8757.032221361134,-53934.08538007112,,-461812.47069601103,-761613.8506026048,-98076.46494440548,413164.35438233323,9829034.871105684,,33442.3252981901,264123.3037853598,-213527.61744751572,5685.704628041025,-657.9436472259282,,8377613.8984731585,,8993592.020186223,-79552.95317294574,-677625.7688012857,48243.77781327185,103470.09626120536,10204.208861391342,2048015.0338354202,7600.82848926792,-13456.078731019808,-308569.3256360711,,524679.6819590894,-22219.97793333566,70232.15834758626,9816795.88160858,122641.65249558444,174226.42153870623,4617440.947196574,-1201599.1429023487,-97361.18418835137,1071.5102327866612,107770.05364793372,4090766.5444342983,-864223.0809849057,351218.16005374026,-18564.785629253907,,,17569.851315937813,-412895.73949596717,1319041.3519292146,,1187475.1252639194,658378.7317125871,-4957.584198562807,,-38271.97879402131,447823.8723420445,,6348.41275919738,307722.1986122577,457296.33607174247,-27275.495521048033,-7564754.922393722,-52414.35347752938,,,-30399.72026703698,29100.822942245013,-1199382.0217163225,269200.8920457722,249426.4452321979,52901.84094675949,-271623.87995437754,-299261.17782786285,-34230.830401128966,-1547.8018353628486,135051.04149899862,-24404.784662100003,124294.73213614122,-89083.67979434712,-46554.615688309954,794697.2668019726,-506463.5064078213,-137.35063697695273,54825.038935074204,151368.3954308816,85473.34322813846,1567.8404627489713
2023-06-01,-52771.223384060344,22093.437341199162,,64264.91927112956,-17431867.98001194,-11162.133157344351,-723705.1574092493,-9580.936012628466,,110801.28259848131,-3028015.4365636175,-604972.3371626114,-10223359.86768554,9133.808636486337,770.1894729340788,-72039.9904877085,-1016.9362877936494,-1256671.28206823,-416035.47513310483,2230.5740970669576,499239.66414638906,1889365.853004102,-5421.157568761474,9692.179183252578,175162.86754329628,-119584.09903745154,58673.196812529655,,,-4459583.865745437,,-1665080.0762228617,-15729.998874170813,-1029742.7398899607,-7932.004810765286,-151744.09220271936,-1599.7798066788514,116828.54081536215,-3943.538418259868,-5694.349306302112,-74559.40162326314,,-1840214.3287840374,-12226.220037657391,4477.998583319344,-15386001.925805336,-1436.9685900051804,27278.947898140956,2235164.991948387,669692.3482258727,-120048.24142737534,2492.451563770258,7710.846112266514,980545.5804894478,-205611.4989333993,28597.0350340507,81092.8963376646,,11579.214019517518,18381.821151525008,1131516.278236968,1649995.4994036814,315.4297839506174,734869.2173243026,340829.02208205697,10469.517853171228,,56768.20129790485,145374.88235408184,,-5534.237690268205,139727.63282738303,2464856.448038779,538659.6121782031,10285190.40875616,4236.606874944164,2328.189814814815,-166953.93902581703,24987.077315136965,83023.95579110253,-1273506.640598791,-88899.30591249905,102770.68630628427,-20854.805879491596,51754.724745322266,56106.57891409717,-142253.17988671886,-17838.933446946896,-646463.1120123984,-43202.64984649889,353742.28583187796,-41910.98913434267,-36127.85143232765,-91860.06399546712,-1802635.1504413986,337.551747071761,103400.89844875636,-259600.4403174123,-35359.97431552079,1990.3970571261868
2023-07-01,,-31763.84726276519,,161921.90799462108,14880339.903863875,17654.23589001902,644498.6200672765,-22954.042508009494,-19253.99348993752,-305314.7612567031,-564205.8616318027,334148.9779520176,-3387369.7050670893,-25962.523449390126,-2166.769553636759,117219.63064254617,912.2205154805372,-513458.8616731503,328068.3000394862,206586.83208145472,-367149.50240476656,6697092.110401145,-3585.550690837739,-389.2556740263348,92840.3757655032,132301.79142304158,-30340.29390673189,-3685.1729948989464,,-3945526.135509948,,2176825.098580899,-33952.51768799003,292992.6588819236,,249090.19573480607,-3710.8247777340885,-323282.395650662,54980.35859475637,5274.530875033109,-222003.73330822377,,-28714.045361626602,-24783.796008539983,-100592.54154602574,-11562989.732520241,100404.01087247638,145660.62214974267,-187525.03769849366,-990821.8941900892,,-5182.403883607963,-4876.333510650951,,1550044.190583857,105072.94912960744,-48889.95637953636,,,75377.6193344211,396934.1444487405,-2019070.3385187339,,714239.2514235314,307860.1848024454,577.7532391858402,,-155267.13795609426,-78061.12179127245,-28.04114422582306,10626.169957706566,-1243871.152774316,249654.1466209443,-176157.6214458981,-8400307.228886882,-51629.499510448346,,11933.697586828242,31540.842595407306,-6984.092569992197,-493784.32039758627,188419.5032509641,-30283.083603283405,17550.306242588504,38218.50311287325,858468.0248601129,-111406.5824640498,34107.155523709895,1267654.373280272,34171.333232095654,155755.95122593184,-17607.578480591623,47498.13596168939,-260651.02844933554,-492370.07052055496,-503.8729629655842,63743.67864490285,31032.58036563174,54918.47166523807,1547.2196626910604
2023-08-01,-23160.578072592598,36140.35473320025,-15260.350115740763,-104443.83123234657,-5216498.620203178,7562.4534612902025,-614961.8484837437,-18940.064541800864,-12957.754287779964,316679.5324926853,8258286.727986714,1274624.0219488677,-564945.792105137,-112130.20369851301,-2221.3914452549307,-9907.74971959776,-845.5192325509706,-147851.09955044277,31553.98308981541,72012.58446063107,130140.83697255977,2772163.5258466993,-6288.476879990071,-12139.567233828704,48494.59940404273,73307.22864382753,-21316.532925823856,-3775.5583652459877,,-2457752.5053793923,,9360078.866378391,55341.76545925324,1121538.4760251585,-14713.456400439205,335702.6806125639,4953.892182629299,146009.51541083652,23352.45812773298,2871.506033934235,141428.56096107242,,-431656.0898464299,6982.344103036068,-84363.28040589162,-3895959.9866714505,53409.901677288995,36104.21506141336,2018995.12576964,-196518.82138274307,26134.451102856812,,-16857.560014412516,,-1180144.9162712893,81798.6504925397,-30456.530639202665,,15161.85529329593,-71087.24200215183,157160.19377684512,1330811.6563193852,,453643.92248270934,-539317.3712609633,-28.40130968747944,,126817.1795208523,122107.56720288467,,15111.152690222974,740908.8574512547,-788988.0998355575,228135.9649281464,5440764.080062488,80423.9586523212,,-155023.81316832633,-26122.605828619093,-43103.48663785361,,-297330.077743531,22790.67666800417,-11147.256552615658,403620.05367585423,1449115.30589083,-167417.84498320488,-1951.1745562196052,337101.19956816715,-9718.03921871233,-38565.511890555674,-182056.41941044934,47773.155418872855,335610.76366399316,-584028.3695550659,1111.208953480116,-55820.71273448065,-42674.17059500955,16629.70290066332,-4650.424307131137
2023-09-01,,52534.27091774546,,33699.05900019729,-13902669.538361724,28859.431537148936,-338534.8277439481,-9892.681805200238,-8023.086832303885,-154487.6734160892,-532665.9733359506,-1969802.2972464184,-3393446.1733281007,-273943.7976258663,2352.4500467783346,-23008.946980586727,-2495.156324915385,-592647.277144012,367917.4843639889,-110187.33417934971,-343558.43886818434,-5469692.652840689,-2421.2368816145777,-4502.5253506921,-162133.06155405648,141636.04913319973,-20013.611767773098,-3867.5970327150344,,6907619.654421059,,-5388328.882312757,-4423.436727386556,-909594.8115714934,26396.940865541907,-59020.27935632548,-5919.57146207827,420099.4301639835,-10879.620342762477,-10452.392990931314,-190614.01200424717,,-2578589.634059768,-19691.28829201013,10991.664781966381,-10959923.320129715,-34608.888131575484,-80070.97308458277,-3207413.4658358456,1267852.1480376194,,-1266.1144415338651,5397.572354253952,-957556.9358768204,1466339.4370010616,-371938.9143765074,21312.76721151971,,,8129.438213645343,-445424.792768024,-448824.4419184085,,-288884.503751767,-825780.72517842,-1045.1713273071423,,-100491.75267906125,-107193.55803613424,,-1626.6880117088203,256162.9732051465,-2542663.006278037,-160467.78007091032,-4047872.783961891,,,428113.24558365357,26414.244424412125,-19279.17306717283,376396.88763821125,-61261.26327590029,44235.24872243722,31482.77096119377,203471.9662196913,158382.1183671599,-159678.8598318901,79174.62358959674,-884324.7132780929,17742.768571784338,-80858.01761396983,866210.3650044712,44333.01343770871,-285413.254543951,-478519.3311779849,-1356.9167774793602,54512.86507090499,-188931.11570361227,45226.35640074861,-3197.020411660126
2023-10-01,-47312.78161868022,-6152.786388796869,,71123.09888765722,11866853.423349606,44780.053187748534,267550.22368632606,59915.81042563314,-13158.219287002648,-170950.0600773557,-883305.132412113,939473.8821883022,-6594885.275879022,42820.402782813944,2927.8641481173736,84955.4845130791,-2768.748807384154,-344294.3309470496,181216.03556150082,-78992.10159464834,132670.3356008468,-7981601.112474307,-2955.376042622854,14618.37760194844,-135427.0382061042,-39500.87343103953,-91064.69923032173,,,1923646.7111333301,,4874485.210397438,-18328.56683673001,-1041170.3162290675,-5201.470821453658,-143504.04214387885,-2276.758634727002,-3470.151717442286,-14889.417947652715,-2361.2500474515286,435010.28334690235,,557539.4084253843,-10704.356166780559,46996.48209016819,-9273603.71296406,-33060.93512009785,-20026.07886945968,-2755579.204901983,-964449.1880985515,24624.863774834434,-5853.748497386639,-3380.4554136321867,,-598509.3354788886,-213253.30064164175,5540.534770780841,,,-27693.529159437232,-547427.7601896954,-545717.6230441795,,-35323.504023840316,-121769.92071153226,-124.00001420027381,,104733.74008343801,146769.78762344253,,-9631.177521042002,-469601.7462768193,2725154.9488512925,81505.41182105495,-2965017.9446261143,-48979.99067855775,-717.8101851851853,-133860.09964872792,-41083.822367711255,67926.73208484394,-812352.487305411,267180.1756917598,-20330.084631259277,-35882.95476813262,292830.80832019413,-205136.6375094839,229828.5118564354,-26647.005468028834,-12791.991630665754,483.47003918729,45390.58250901801,,66537.62036187726,-144855.17779709035,440347.3423732521,-1103.365895249499,-147746.43964697327,275864.31454887684,-1303.6603393268144,-6018.78214732104
2023-11-01,,12316.059067293834,,-29911.69405484539,-1051656.216741974,877.8004036434045,142636.2094179764,9822.38371573992,-9824.240714620704,32979.09062353599,633808.4689430757,-582602.757423971,-12141588.6665267,118406.23665828377,-9430.009698642141,50333.66243711942,,-130832.79296321471,65976.34962526627,-136962.75145347507,-127473.81654902412,-1161643.9461705983,-5469.875480608878,14513.966769719367,-257381.03466102635,282337.1499478931,467572.41402601317,,,-2550295.085240881,,-1270400.353800993,-45153.25986450606,903843.1930408783,-3810.8913803618643,144614.9295360396,2361.7984284536315,-957361.9888340859,-4091.4414944718733,8781.628729572261,147589.88466746133,,1857455.9636246755,-14161.544119749582,-75798.95319743044,-1044965.2874034401,-59465.01794420692,-37049.800092373465,-3213498.4326771153,-141037.27821594448,115892.62845840801,-6802.484104045945,2739.874586973503,-1176696.0371370886,52590.19031882056,110571.7989581987,-20210.218560171226,,-7050.648591735835,-29527.803663038118,-800121.9983269863,241768.75994053253,,-286156.1100041141,26315.65790502752,-222.1514142151649,,90001.52440907543,-255842.99882116148,,-5532.069611835466,103459.50923983546,-657771.9696248671,-251219.331513771,-197885.31062779485,39296.87136439604,,,-55998.374000318254,-7933.790059452697,-1191021.1341251088,-267458.95587001287,-23789.69847952345,-39414.58266853949,70795.69839564635,-262081.10741966046,134113.0411659292,-30817.0104328481,-589069.2327167428,-34951.029206327956,-52753.24619280127,-76134.67438422787,3304.488138888457,-773085.1901412854,189799.75541033485,-1265.5344369943211,139255.34811189605,-58985.34711307399,-18775.504657890404,1948.0151347536437
2023-12-01,-76403.8412588522,-23610.92145572406,-11012.350115740763,38599.49218668482,8603169.406076826,3518.985619993772,-135504.70782527694,13853.403446081767,,-240716.367754823,-378510.0426683323,883581.0030744408,-1859000.9720577046,-88290.63496710817,6331.99870358236,104754.32571976821,8842.721878288701,439903.1384054428,531880.092788716,16429.05213551439,245266.32512223563,439119.4075802297,18704.841422003457,-26729.719118726953,551419.4562280577,204799.57646517368,-76849.47731211816,12211.641257327476,1271.1784939236184,7303350.971816583,,-1694569.230680758,-17388.01822316856,512859.9433993809,-3303.9267867384333,-84408.64369689935,-7018.782597811736,-279198.2738128581,-4993.733179475772,-5651.14107975794,-484882.5524860024,,522725.5524870138,7936.6462715213365,34405.0557866265,916685.32747067,-67007.68707256818,-37310.256680664206,-498299.0305200014,624571.0450535588,71936.65469328502,,30970.085663244867,-1486733.9595603894,-980412.6215598638,143556.50388572743,-15399.445566477452,,-19131.666293393926,5259.3358862889745,38838.21603621062,-701052.392175285,,-259783.47443022396,106307.3017559183,-1090.4294810046076,,-3418.741021618159,39111.6136325444,,5595.474997544838,-706443.3043559053,-1972534.1293901196,376087.89918818924,-4614206.4943852965,20001.596519489893,,-34898.24534260039,-54878.11709903632,43815.32228351052,4760567.229222518,-111864.46506294703,-10582.001410837032,5725.354227767924,176586.41034909294,-334533.4840438616,369713.13416394865,42720.97353000206,196817.95239350048,125352.04492777103,-177623.90968739832,,13185.232919220674,699711.6865516792,600981.2688197832,-403.1798633439962,-82165.94766762274,-553350.8625285645,-40198.95012419775,-834.7335604730113
2024-01-01,-83313.71331396111,12723.879109191363,,-122978.8552046886,21307583.26541515,-46250.75257784528,799558.9504293095,-18705.58034468896,23361.240012406925,793972.5429182306,6228324.940046557,1355181.1924942385,21374554.75550753,-113949.34460083535,-5877.044536468434,26530.908157961567,,194206.78050500117,-227570.5207205505,53696.62678153469,-90903.57892686222,-6922963.529878101,3143.983145785482,-3731.8658642310133,-188963.85992903152,-209159.70666876363,-48557.61997812212,,,-6036589.269238983,,-1112009.362388105,-60791.026465391304,952907.4977352042,,-196567.07648772057,-5581.22930229341,-591212.7451212397,-14181.507916474473,17971.363028065916,-116794.63912463865,,96095.87987930042,148815.52615475724,115254.87760617907,16793791.733323228,-68068.18172138961,-41546.93197140317,1764175.47988108,611770.2055561242,126440.96362079497,,-10782.571606653488,-719643.8164862847,652756.3881454758,159816.66761873872,4034.5293555286553,,10835.10745975995,-43783.608074248754,533358.532190697,885175.6181280705,,-381737.94365775934,401618.2671129245,4256.35020659954,,-40980.21283171515,260530.6084482989,,34297.80160688402,-73880.54377771798,-1810602.9732989762,41494.09943344333,2826539.208692905,,,-86613.00804055316,-24909.15153591346,27960.159810290643,-534603.5735778144,187580.01562193283,-33456.85526183067,3512.7032241187053,-160204.27728554557,-212571.11883559648,18029.373943665596,,2602374.1570853265,56707.61644673491,-106923.69162248466,-128909.61031909008,-22086.39728659179,-640820.970060375,445686.36142802617,846.5462806892081,180871.1742960641,-544935.316524067,-133249.69319992574,6807.1743477019745
2024-02-01,-93184.56161242598,-22779.54665679243,,-41548.30473512366,-5876293.42070303,-3503.3136537550627,-801912.0070186538,-36228.396260768226,-7026.763027015844,-331541.3291502206,-535368.9956776537,-3301332.5126573713,16698425.920235766,-132706.87236697396,-7600.859055151707,81680.46164454283,134.84706366442234,-226527.61737470675,-201857.30598878444,-119053.33190180517,-227456.2175648297,-8441000.143861325,-1847.3838033072502,-35046.23240820248,-336117.962762029,-188865.3587492985,-34459.45842044047,,,-17753.997773656272,,-2043086.4233022176,34360.19559946792,-127168.71659384875,-765.7616394927688,115298.0771221066,1018.0680008412804,-929787.6259093838,-20271.924553204542,-18969.051363191742,14552.031128561059,,817760.0670011665,12935.346868563456,-131083.27328059296,5869037.900147639,-27000.490449428497,-20863.27172744497,-294816.5537455748,-891445.902348777,8048.429699141623,,-122801.7831475475,,-1393848.1731772088,-201102.38343254753,-27363.821435968937,-6.696264949845784,9651.610020251263,27281.90122021228,-97458.03418026655,-480993.1259173217,,-457421.66366702295,299536.68196000444,-1419.5550233574077,,-149523.4512530147,-587954.4992890347,,-17866.343660003295,-110821.99057334878,-1982645.8054085197,-314884.275816745,19385795.53481784,-36376.95124690281,,-227508.88329950595,32668.802124158898,-152630.78624294332,-1618666.1421089228,46414.9646960252,-104773.16817218931,-4526.447479173063,-282503.1764913041,-166391.53339698995,-27505.478344261595,-5621.675653733036,-1339411.4435008946,-41291.54241958347,-137571.48349001084,24122.117149414495,-54135.20513523188,108592.1377247433,110451.74996869668,1396.0561626357605,230825.4740615404,167301.60745905485,39961.074385965796,-2356.7505343162534
2024-03-01,17694.04147876381,12932.60381136556,,-112361.80355472837,-5800152.478789274,-333.4295221504314,279085.39361232903,-29249.262543403536,-2853.9737671091348,29857.862941241503,-1282165.6397118252,-180401.2168946004,12377753.463764543,90593.86488393738,6610.956241772897,-53535.71378531205,433.7833884578785,522221.2841044249,71515.16886102289,136696.4819428928,97928.00114513634,2926200.69796504,9424.233230604088,43104.40754646739,-122252.50445336687,-37396.83435782925,-131048.87029480927,,-18735.82150607639,6635546.083020066,,246261.38904343048,143364.25729061663,90736.24656093009,-4203.3582319323095,-199681.48693850831,6467.480525521045,671342.588742929,-3579.289653360039,68238.57956413917,54402.286026484784,,44419.92769018555,-29124.025234682926,12262.837009872468,3327113.191019777,-11326.018698004735,-141355.75373416094,-810168.9108502116,1024394.1193471429,20655.839149874064,,19997.58146595593,,210066.8189877856,-122325.54068148283,21290.75342760221,,,-3739.8612563354613,-109160.48434282203,300451.7435613156,,-300483.9139575884,-47426.28299841132,-3050.7954084876346,,-45132.3968502081,15713.15003644007,,-9842.101651715906,-6364.615210417465,3180526.4622058994,359366.1189463471,-80536.40180867893,,,163505.08753565507,8795.500928919068,21057.72781170958,-115139.4858311755,31508.66665333628,134656.32671920446,58423.27610073411,-298753.82372614025,-305081.4907312654,-52458.02294174894,-48370.31236765504,1432349.0273887117,-56437.64290610199,-51809.464570609336,,-11193.107272853318,-20579.899885787916,450947.3038865024,344.2493761174743,-148375.73001652918,630888.5787900278,-11602.051063988058,-440.87700056118763
2024-04-01,150388.09978855637,-9587.4026444956,,20547.220979267007,-6737340.882817425,-12447.810448446491,116890.84082868151,39316.11039954679,,-51310.27276868268,-2235211.1996841067,2341916.2544449847,-1145652.6559290525,468373.07768637413,-7506.668660455661,-182737.220030208,1438.8849595179304,635716.7496018085,203558.55532247614,17838.768783292213,-278156.86276331125,8189497.49007187,-4691.0331081630275,-20044.011117223225,-63819.44992896781,49633.695918457815,-39798.70175322918,-1882.5353773676406,-18719.82150607639,8796042.50150246,,-3708976.9095561104,-54167.65100908294,-193010.43070331708,-4887.237584805737,-242723.59373121007,1207.0029356230948,-100903.28168471756,-21911.42782559547,-17124.20845284813,365513.72844847315,,-1546294.7733583825,-17088.093928663046,-24622.290172184188,5181122.796032656,31021.80033617444,-33013.8368824714,-163600.40375277353,-676679.3517179288,-90259.13851015556,-3699.566266360849,65210.052662464965,1133175.1805540756,1320601.9890039489,104937.48465322099,41372.22487076843,,-15048.549932692094,21483.167262323295,62407.506710502596,657951.9011190389,138.42978395061724,188410.93881573924,95898.67819996877,151.78121107077808,,134167.219015723,23985.57805286535,,-5305.330451217238,643847.0336009905,916414.4650451005,-524557.943249313,-6873802.442444041,80336.32277993757,-674.8101851851854,-291513.766936377,35506.9375562223,11636.937390343537,1425242.1674408263,-39194.39079348941,-100438.48731864475,-37712.61454481938,-375500.9851719593,-218505.7533623905,-104381.01413259648,6088.919730006137,-615066.5650556951,38420.73028845069,-16974.882411650575,6849.929187396592,-50718.91320366086,11966.108092617507,707557.5064237923,82.71029566277079,-107667.12295101398,567427.1397570109,-23022.362335324062,1916.0033492057087
2024-05-01,,-41485.87150396106,,29242.660451113425,-5238684.531666274,10716.23855372742,707525.6048611866,-13864.856949988833,-6028.0912264535655,-152631.35513401905,-3510937.2170974445,358962.9833492518,-11734911.512599813,-36098.69060029023,3989.8147562785375,-50151.44647029179,-1547.501545169258,209510.0693478082,-709985.7360641352,-59796.74843841483,258315.68790375115,6555438.094811764,-4464.484205904802,487.1988889222455,126201.97998664607,-94053.20065187539,-83467.8999076361,,,-6131446.765459616,,1833478.168029405,,-45124.21525311228,3977.6259519422338,-45384.640974865164,7486.0852302614685,1155382.1770606115,,-19239.355575776757,-228878.08745101927,,857480.6779158771,-29086.273358386232,22188.47601873998,8299286.577863239,126481.4278605944,156263.27065174715,3944393.203075891,687982.1789052949,-74220.27153345288,-3865.6912231359374,94858.65912921347,-855389.7351384618,-1722131.8601578034,-976.8332413434055,-33403.11425078226,,,1624.7570229232488,580150.9575366526,-643847.4311076865,,146167.82256743955,50673.377520151545,-4058.5192973922867,,3887.8555242779676,217315.02964989207,,-26.402329928514803,688292.416982417,-681301.2038787542,-37799.86602721765,-9161790.206121141,-47273.931213091375,,,-13126.627857733907,-54866.879647956885,-1823353.2035621523,110225.63113199518,-70979.12056208603,9275.505241773064,-305535.94458065624,-203434.67938936452,-98217.11781028689,-35207.03157756238,-956796.0442427141,-7507.821114132459,69021.34305433473,-10885.990971946074,-43149.42957141593,822458.2860314272,353965.03579711315,194.02422930133073,-126290.01930365758,314097.1824061694,103046.78560307989,-1565.5744277954054
2024-06-01,61959.59908045248,4695.117598422552,,59753.53651588548,-6781302.678897996,25392.430908167084,-402595.405936732,27917.324885218302,,-142999.5936175439,-2585949.7219534237,-1519147.6490214434,-10463997.345165204,-27153.960251074328,-3534.8336647781425,-120266.04250986145,2404.928135977626,379296.8994989493,-628575.5998058355,134386.48638068818,121861.46614314144,1270571.8217283837,-1848.1052736637203,7045.137773683957,186341.6979965689,-180376.8544266216,-40961.15851854687,-2338.558553558713,,-9873665.564468073,,-1273405.383490487,-72963.59682106435,-490688.3806435422,,-88311.39187771919,421.45600910293456,181043.53293572075,-19713.7137773801,-15844.144621148696,-272038.18184438633,,-2114523.6278672726,-29467.877563712795,23416.102130283645,-10998917.43261447,-2433.4256139641434,-6884.695609983044,1538903.4553003062,858024.2012143128,-72158.03850133764,-7262.426042697569,-31684.086326267607,-434061.5015421363,1136448.3455296406,-119692.85216333412,111544.50068666883,,,1965.045818358952,1736589.0956163555,-1084292.708991717,-137.5702160493827,208466.48397412995,90395.50965163064,8040.960202974805,,120250.11738736341,-21499.8722996724,,1713.0967618585264,-115352.77346032881,-1242894.5308994185,-194519.8573990708,1396146.8627377152,-29418.08644169328,,,97188.04207429163,89890.8426108337,-2148647.4254339114,220257.1567873214,-23432.12333536962,-44181.725981342846,90660.02872490254,-26883.430744523805,-146739.4190531502,-25371.44982203215,-733969.421657453,-64589.35571612098,225894.75021044607,,-46050.6308428068,-160219.8562465061,-1181432.5404373205,2580.9838750563135,-128339.32777767404,-339766.4306149882,-47686.799555226964,9676.016672398959
2024-07-01,-38981.430805292,-55037.68504244404,,62805.67747402137,7573672.198199273,27014.91328053623,175270.0050153847,18188.740779771513,1911.0829701524794,-169947.16894703705,4757365.081011224,-545681.6104541167,-3553114.425993404,30025.428563159297,-5572.150751469864,63891.22458774884,-3038.0903169287844,-168333.57660870807,-102988.37431460492,148271.49180248307,-86225.70256392208,3729545.3265894465,72.47306726030028,-26084.79715391517,159868.0919278082,-196566.74608703208,-88424.98250191055,19969.136042487662,,-7055809.0554433055,,2320133.593491405,-41412.326415262854,-282826.8044668721,,155943.15206818812,-1252.0367835820848,29547.846333279405,-12320.401298177574,16844.441936515334,-226597.5333533396,,1813398.9021609544,-32843.111131170015,-74413.74679922406,-9317587.904796664,151584.79331376794,304760.50674930663,-704492.9827015427,-662866.3284556547,-52831.31508018727,,1275.79933284984,-329820.9072398168,624423.681631526,273869.2553672117,-26737.39132250596,,-13079.881393258695,23708.46701993946,66661.44204231989,-1234310.424775138,-218.5702160493828,118668.52470812932,463672.2649392079,-2232.7578316210916,,39391.14017808339,230813.07841089158,,-1372.4323212226454,-969590.2296414451,657171.2477896963,-312100.26290628646,-6421874.1531214705,-32431.931569141343,,-248340.08494388076,16081.754841285398,59431.2920158331,1154353.7565447243,104165.18729269555,149465.1561430686,22944.15388324811,189001.00429380004,455787.411228871,-98086.7466814817,9108.74232646404,1098402.7319400813,-31508.357625622713,86359.91302826769,-21451.915565220625,70223.67077151057,-401599.52385854936,-692114.4553051918,54.27650803022521,-160143.48229589208,94251.74198523143,32626.687819343384,2457.035295274752
2024-08-01,275480.288993597,41071.466851126745,,-18956.774496238297,-8284689.032744516,-16151.150791694647,-301344.45169659314,64962.93154171139,-4104.377959885792,514750.9734611943,-4856736.909741685,-113720.68224211881,17871.24555386352,-102691.30879772425,14124.428378498824,-54960.62094495668,,-86290.29764882375,-88727.321177877,99667.38190178799,-225702.48860454548,-2376713.732723937,-1326.3009329989754,5397.943527211865,198203.34261076484,182198.71985386848,-10551.371029686657,-3391.4870852056024,,-5632885.286597075,,167643.55345753863,-32584.75399580368,427865.3213689304,10571.626056991166,1019498.4638795754,7989.712523439774,310787.75306853204,129232.62349204798,-18570.075669115457,284218.0572198803,,749805.1222752086,-38837.508883568036,-53157.20917424459,2588455.923620771,-28843.752332905573,-31417.673743728537,1222954.6990549075,1000570.9700104772,-22262.66129994113,-9242.852420837275,-77014.72413351096,-1989072.8686073115,-3264789.670303095,15614.265804276492,-20347.184917265673,,,-82265.22259447107,-1075542.5915468032,-1233645.5707497604,,19419.739978131038,-667295.1466097445,-7048.312361720049,,-33631.56781759822,60604.23281759318,,-23395.775530816223,204516.06245002602,-1412507.3196000298,539312.3562392073,14843127.728102935,-32837.90486491161,-696.8101851851856,-4056.7597305998343,-27006.39001549729,-204046.79162085534,2593834.407789264,-63840.60788483078,-48596.259550360424,5036.86566437065,369151.1322646556,739994.8398605585,-110610.21375265237,94040.95651205917,-207610.00656629092,-37769.219015843926,8731.065056867057,,56220.723418319394,762610.4597233837,-902037.9475326112,-195.8256666236349,,-414031.98874054506,12785.887128055976,-4480.92418748299
2024-09-01,106021.93705555215,74334.43063027321,,-96384.8777981187,-12383485.827075887,15258.89119428583,-1016078.5272795776,-30171.81204584812,5736.127362600779,-19012.49272754789,-2208569.286198214,-1152287.7455579685,-2469306.1382167116,-212583.86429964422,9612.025081844962,-144244.93527835034,-1959.6961240164915,-21436.524541921084,654441.5565559971,-182545.85706892572,77554.80839138982,175604.28106549478,485.83152551949814,-11030.19866895373,18845.828846694545,-153876.42162744259,-38764.30984158353,-3983.149660221611,,-2518575.627800642,,832585.8457025414,163169.10829899446,-415867.18765349087,-11743.588066686001,-82763.54543684468,-6061.112158121205,703343.2448946598,36291.63780214872,-32810.43911838914,-4773.673867110814,,-1884010.5911003887,-19647.58863373522,-17490.778571258466,-6852595.304668475,-41312.69655223418,17936.2547327315,-1756632.910786351,-43471.22733822018,,5893.985690755187,-50135.79213441834,,3249531.257947182,-353920.5002350448,-32484.399678496095,,,22980.151947589628,-1102530.6240305393,58326.75329166028,,-31900.49048183388,-589639.3377664362,-5313.2517215967455,,-90716.99916145495,-288095.0348334882,,9465.166521004203,960514.3404813893,571424.2589005172,277020.79581801745,-5322958.081499885,117444.84488049342,,-100137.16387850423,-18993.925382299018,698.6519730060672,1775354.4597118488,-262075.25276147795,79845.5167484324,15902.247795197522,219356.59721860796,106517.71604620613,-1967.3413110436495,-11659.766152927963,-1390729.3740360497,-62711.87152905273,-6885.599667969602,,22566.72907354536,260369.09748129355,-175727.32228615883,-2718.2332184722986,-124493.16271939196,-22895.87848282946,119212.57823650978,-4474.591066925737
2024-10-01,204378.52123535436,8451.826505703846,,423783.6407689596,18676550.193358954,-44845.29499902004,201117.84742775108,43724.270039462775,,162151.43483446512,1152583.2783089904,978142.5928405436,-4819844.935240547,-72666.24846840186,15777.329506595603,236682.95483819372,-1652.90987271425,525828.4149310319,524684.1792614165,-68015.8522540386,459699.24966262537,-6456737.72101446,356.885926689818,36894.239342384586,-192388.99965481338,63009.08267666372,-165822.47578202767,-4624.0212700122465,,12792234.027849024,,-1548007.3370241295,45654.092031824934,-178551.853953659,2401.389836302057,-363072.9912593935,-3981.9532436025506,-266829.585342639,-23247.063952198765,-26882.91694592002,767232.6452939949,,-4592510.870919537,-17716.955583254094,240949.4696875097,-7400439.172848085,-43496.06058571691,-38510.82481076496,-1682428.002165198,-1277722.4063744599,-21511.438834078774,71971.95312821964,-14100.148395641414,2503704.319733285,-767992.3149817501,-177843.4129104597,-39880.89497724135,,,-26967.97627567848,111859.41371858864,2356931.169611583,,480832.3178600953,-54735.93673825096,6287.276260118625,,79960.83447977179,277211.8447814873,,-14478.151753519734,-361078.01080008526,7188465.100350592,218633.57268748377,-6778616.509680412,-34224.7213495802,,35806.62187306756,-9847.173440646256,78227.49086264613,350782.6901642328,-228914.94636314787,32275.91777202938,-43830.3738300054,447178.1848838203,-88538.56911294824,267262.5687315315,1934.056076864004,-791952.9561516817,149072.06073048874,114311.91305187656,-45533.442678643194,75890.54279907116,-257732.33802596925,1125500.3708960637,-1836.0543916784468,,396693.72022534074,32715.639495763,-8153.790603861565
2024-11-01,-97472.2092541786,11847.415744948961,,-38672.48101778983,-762017.0809655131,-13134.995563838269,-40668.92197296079,-113000.72531135843,,129898.46359992397,3524458.553944386,-613450.7529382819,-12248892.630733171,291399.42293334095,-20136.77407180137,-12800.700962476656,5627.904181743004,-736697.2463832938,471312.28074584325,-177199.52038031933,-258024.91143012804,8203749.906444744,-1067.7863291281478,58302.122828359854,-188394.00841313504,686767.9001783456,1125238.9845680718,,18830.178493923606,-12712298.03783662,,-517309.8955130947,59990.97889369236,-219068.96409835047,2847.0693480401214,118863.1441969524,-1194.4092963014907,-423368.56454874243,-23510.36919109839,51734.64940125637,-85573.55570104954,,6833736.926610458,-28231.534083861236,70189.43434833734,6490421.425524218,-27787.475011753035,-15512.943785552423,-2416606.3058458306,-805393.7761421793,-7653.933699532061,-9757.067400090886,-10241.642553387745,925301.7053180787,2345148.535477433,470401.0047898201,-49091.77996608816,,-12595.268827744092,85867.46975282024,-1201065.9105054715,1745206.6795642916,-273.5702160493828,18304.556543697472,-130636.13937083792,-2515.827856315882,,-64307.0731098348,-116763.96369135712,,8692.956062506042,110541.035860426,-362929.67198737693,-520541.7936648055,-1037874.2190781124,70376.34973885214,,,-37677.98331418449,159874.99521980627,-2031727.689038736,-429769.15985359525,-126759.03026914553,27468.676854772013,11452.932976225828,-206945.56069497933,123731.06154684749,-25144.84979520328,-71668.81572604162,44261.55087869511,33463.77458622371,152129.49124439733,-42904.62326842741,-662354.1431792987,40062.13455886627,-1956.2673562155064,310901.2844234034,-6342.631439111472,-27551.805530108973,-1129.3722951753768
2024-12-01,-232662.70307588356,-28750.643163453125,,,1859305.8368239119,-23311.329492335928,-360328.7006458637,-27269.325581828853,9991.001258041493,-161871.47218988815,4519651.242364202,2586911.969781421,-4027907.8348847907,-207873.92838406842,9895.59420826225,196212.7595835006,-1865.2855934937616,-1435251.650387542,316737.4242164212,-110078.29692945845,245619.82099261705,-4868490.31446445,-1428.9851492178873,-14585.326724028086,629288.8393717476,6157.291352812599,-149847.1324747553,-4374.850792162709,,24368264.55592756,,147661.21653463482,-70784.1936161282,-29003.79965047556,-12102.875217297908,-183384.6047032066,-9201.748022078113,-239472.35970144108,-19656.236692416864,-19605.719852262257,-227600.4480793978,,2201323.2379082986,39493.36851469617,35554.44262379673,-8111044.691378446,-57196.441350689456,-257967.16835366242,1195463.4048488922,-2427520.6694185263,96547.26134783728,-8049.118943318426,121943.44266982313,-331209.0097748693,-583876.0646686642,175283.58812411898,17144.154996403442,,-11144.313384850913,130402.4930948585,278051.18307465565,412355.5683384284,,154570.72737175695,-144570.54588314917,13385.009710422666,,-97527.70508820753,5090.2274561877675,121.95885577417694,4426.772177824004,18457.23628180792,-1798194.4209746956,1094319.779808873,-5582404.999241153,-35113.85920413779,,881307.239988549,-10343.088875690599,966.3915382206064,2564789.392437851,39616.61439819525,85201.71701839243,46420.97121770903,336674.96188488527,-119371.53679965035,238668.9994191637,-22017.925920938087,472801.20801048615,-60772.3213198697,-62802.31816458622,-79341.76266460927,27084.520722268604,466861.9868641875,-111490.12572269524,-1055.5325397530694,-198393.0966835572,-1004392.176073654,-35478.641598673275,1403.0533200889113
2025-01-01,-236778.640775509,12290.740512558998,-16011.350115740785,-184737.2106890047,23282712.206238784,-29877.74952544541,1056952.5212537695,-39549.274945125566,,-81494.83509077056,1637412.7890672395,2394995.854176024,19280291.365368646,-100286.32308227132,-112.14980756788583,34486.66849554765,,-731217.8368001819,-514556.54855738545,73018.04092037906,-373989.2254181663,-7551216.908838089,-5392.22401749644,1945.5434881495876,-221258.45640357828,-63200.0016297025,-141150.5325545508,,,-11101859.090903139,,4751267.1114675095,-16625.780668135445,452853.9464443887,-1979.0119848254637,-42544.45909441057,-5891.1882368521165,-1035901.7946746579,3737.615521152462,8695.344544063624,147026.71987667686,-5436813.596756043,-757473.3133961614,313475.05143941357,66145.28168996115,8470190.114183938,-59741.79305128195,-2263.256706085727,3705902.123686532,907951.779051579,,-8888.31722467512,42467.83965435951,,-1006218.1190722542,168820.43430444837,-5187.660964239274,,-8108.215222380997,-106407.0108518851,-176266.31878761685,1972173.1113254244,,-74103.15328364937,236715.3404680248,4337.906249568264,-783147.3760649748,-121401.41776039556,40295.51995201138,,75211.16406692054,-516318.07214812044,-1383457.3344373263,-171650.74395262875,2042075.1263515227,-70972.03943876074,,,-7729.961834061419,52741.091668559544,-2983948.6829133597,228013.74635377002,-40497.348276330194,25415.353436113888,-268443.58548917086,-122724.25045130441,2930.5966055939402,97349.29508139497,2849611.3167332704,64425.45591423211,-40832.130174684906,,-22909.18363288247,-836859.6665572575,95564.98849464621,4728.0018519134055,269000.30861205194,-1070579.9256112191,-243903.31662804936,7209.469457037853
2025-02-01,-263865.30354866607,-34864.011801581466,,-165338.63885459566,-5197717.4475965435,24627.61208535012,-1145021.1159373764,10720.726900487267,,-289962.4303520095,-1010098.0726066513,-3519658.2379239253,17670363.701455496,-103619.5052941749,-14250.40513206497,201585.45067345048,,-436316.2638169167,-359367.4220939368,-122878.4994395701,296474.2744413473,-5580267.569481055,6115.11450807244,-41446.48984718881,-528521.8789017155,-78470.94595102716,-91688.24592465514,,,-659181.6419811803,,1227471.7416510188,-68350.15519618848,566337.7000744528,4578.518357014195,-151697.3951079085,43.705156526825306,-623926.6593927718,-22255.501497921177,-18293.273444418766,-180981.58342770432,-1009589.5967560423,-838423.8133593008,-44944.05306513141,-184076.14688320132,8298637.174489417,-16841.089034192053,30067.22269922121,-355053.78605829546,-1164176.7497244175,,,-128436.15187885499,,-1265206.7866180663,-14279.802886132042,-13968.797237754026,,,-396.2514588089518,117350.49992732775,-1043138.34403495,,-153657.94888592174,996661.8099593482,663.7286414686915,-176955.3760649739,-118103.60715330888,-344957.4028107642,,-22376.6722678186,-595219.4547159579,-2885368.4456936456,-626386.4244708992,29053040.401726365,141309.59824713162,,-226315.84448995496,26027.856522114373,-151488.85280574948,-2527491.644632874,93732.22002124433,51433.070989783715,-1683.002872271259,-383287.67978042015,202935.19844125502,-33050.80441175438,-35929.91183663314,-1679407.7876607082,5466.8975928692025,-83625.51977899388,-99457.50241050957,-48057.71043583136,-469406.41622410447,-444161.63604257937,-1061.834101370733,-239613.57189999227,305677.36345789314,89675.02210861916,-1978.422227960302
2025-03-01,,8211.886831724143,,-50615.188437032135,-16006160.092192275,25567.252412451977,1061579.3340722783,-41761.21350027876,4904.095233429981,52342.31330457055,2356777.203131614,21976.19997668326,13080294.524208618,17390.898059337036,-4145.52328576258,-17196.67136865072,,47318.52474890685,103367.41406496853,205017.71428703933,172155.31040053588,229285.54656277102,2993.2333988465516,17589.698891602176,-212060.04605731042,35288.14104834839,-180770.6842841667,2626.554398068009,,18569267.279740743,,3790112.2526845443,5988.0656780166155,-365331.80875036935,-4712.236633185131,-228338.60188653145,13782.3975685391,286244.2857592603,-29445.34369150268,117115.14827186555,-325688.6518177311,-3416445.5967560443,-2466997.242662441,-51431.7340904793,-230025.6556363974,-4131802.098205034,-36998.859963489005,-121591.8582361595,-1593967.016546333,2070352.8635697626,65113.15504296565,,26993.707546328158,,787404.8163041852,-392994.25445921044,56167.49499657772,,28046.60574083116,-39938.0264221565,190717.1847900513,-1093619.4258633093,-274.57021604938285,-128262.77258433122,-314845.1436223137,-7610.512455759766,560693.6239350261,32965.88370819768,-178760.97483945702,,-18785.275539002076,-448009.6835505938,730956.430445132,348303.71673397504,-2645846.4547412563,,,50673.14006225752,-74494.67761685363,-33172.498839318476,-424676.18788329937,280426.19258484064,185971.49254195232,-48303.65189272464,-396220.7375018936,-108590.79928676237,-62229.91369286069,-43032.61455524328,1762791.1289896574,-33066.540393792435,-104801.26948342666,-34144.142115744326,-40424.02660343192,322907.35720138525,-386134.4797250256,1184.3569744462031,688909.2966653213,690916.5432640639,-59259.39426330682,-4612.317450110482
2025-04-01,-270807.298355276,-3680.9241961223506,,-75512.93528648237,-2577986.0677671917,26045.96539314766,635156.0169186705,148072.2555007377,-104.78250361541654,-3683.700181211596,-2348264.8140352783,3792051.807621225,-689615.4666525528,658946.7656261391,-13328.805180313295,-245538.88029384872,-2477.4409322839006,1234492.8694231594,601426.6532129229,-23621.732888601007,-824643.1815604586,12309315.902918052,-1485.0772193104049,-37237.8430928498,-39936.54532453864,52032.00924053658,-76443.77198392706,-5522.228719497767,,23498383.411807828,,-3770795.498789023,-16570.731840225264,154003.6145494112,13857.995533631343,-188108.57151923634,-728.5476605867829,147523.88372894004,-9086.641938879928,-16142.48999974465,-83927.15239006263,1386920.4032439569,-492677.23403129796,-24599.40193690914,62205.463597492846,2890384.4739138973,49554.645049536986,252.11654178081403,-1352205.5969037819,-641368.342335499,,-6016.254004173087,85938.65356991554,131205.25159780006,489347.6946640517,56952.12718268834,50891.02137266886,,20981.502782201605,-13286.18897984237,453789.8049137872,811371.0392687881,,7522.163084919273,367620.1921876654,-5504.527163728204,124413.62393502516,232136.63623977613,231942.7257020723,,222.62911861784704,741702.8822434503,-255786.99005199442,-649976.3227333163,-6696145.860260742,,,82713.35500466265,8071.837274244959,54073.20003872101,1024366.3049154886,-4551.684021816978,-91252.92296469041,-5649.886692339362,-469906.65050824196,54557.02722888425,-145551.48186462728,-18819.617552928023,914285.2512916508,54103.24788083547,-49098.75128899867,-522357.03564210935,-769.2886789681197,-140368.09479296263,1534934.4311935357,,576205.6696089208,1094762.6525520831,19053.139695913622,627.2267610375609
2025-05-01,,-25189.56722523348,,21405.497798348028,-4363598.497820722,41580.85204263529,423495.25521698414,-69399.68356094293,-2247.877910324053,-140377.136305973,-2424585.8718203097,-1266379.670735806,-12266934.814166365,-94473.054300642,438.87019551996923,-78571.31137626834,,712025.0563694212,-749622.0963983214,23239.927908597485,196738.14583124968,2362491.9210358267,-1700.7037569740098,-19144.087646937733,-126639.19442035849,-92291.83160939589,-192377.56015229452,-6067.7069429095445,,-18864385.044033572,,-5447656.399138295,-40366.68150349723,550251.95719142,2784.1444050705036,-214664.16808236868,-474.6923238859507,-153702.85838602638,-32170.069357124576,-24016.387216700594,-43421.56681228442,1241629.403243956,-594606.3107843807,-41706.02311356419,-84411.14200841574,11465740.635394642,91344.21241744075,78057.0894613017,1099594.2894517153,3545832.3532621465,120177.85203735167,,68436.26789743824,,-2233788.597101471,-305780.1679067913,-20605.69771132755,,9227.7120638102,-15455.680835807147,2183508.3074878156,-1649295.9993190768,,-448735.47265964095,-477911.06986619247,-1796.6725035008865,-662174.3760649757,39105.11212837187,63502.84514716262,,-15055.26228632038,947943.2692011114,-2077019.827309413,-19707.37992695366,-9566187.383240316,-45513.41465690155,,,-5816.396597479763,-90591.5236171631,-3013602.536583974,75846.55060419698,-302281.3182178762,-12685.327945407435,-309954.13061495137,-73955.77272526541,-148461.51108557548,-31113.818369510045,-2067715.147616781,27706.401453531806,-10349.004601589091,63741.21330065993,-37805.708794196464,781407.9829592695,989755.4726614929,-1073.8060762997309,-346455.96299008536,517280.1549882206,76733.88168539954,-2494.0590086921407
2025-06-01,62005.137396594924,-27287.34815876154,,47274.21290904991,-1225235.592593141,41797.17762952126,197860.68045029245,15835.761818664627,1274.307137403454,-355672.1959005777,-3197571.745497654,-2662626.049528199,-11116511.113295551,-147862.9663947343,-6266.840213020924,-144279.89380814947,,1401929.9859787908,-926112.2364043519,337646.88559863035,-7168.4667118178695,183646.06026597263,456.49858505279065,7014.166025437935,285966.7774154586,-428121.3210173377,-165566.3689778263,-6358.502251762105,,-17057928.961155575,,-2241708.5683870255,-64873.43484352618,101758.9543750856,-187.82363789195304,-14897.734984307524,3935.8478636534082,551619.3167547781,-42281.748132410634,-19572.211078001932,-251748.35315157988,1697180.403243954,-2532888.767754005,-50308.68871315761,52150.973369594816,-9017819.505665313,9959.70299170269,-53192.07865280289,152359.69659241202,249500.6570267425,99613.18291004948,,-41915.2234235976,,2529417.1773491534,-262954.5866707668,120286.65105294656,,,-9051.272594983468,1730599.0043304015,-2537933.510053422,-263.570216049383,-236674.23730731272,-120518.27347668806,10070.041494990728,-10845.376064976721,154663.0150114198,-104002.04488594897,,14363.670277865844,-549155.3137965846,-2618619.776540103,-545767.0672665494,-12485770.8229271,-112159.02693740648,,171377.74460340932,162576.4002083066,30490.37503367361,-3289386.3468277594,396960.91843749024,-145302.33320786935,-57280.310567074936,99360.25370467996,-108825.17595113421,-135468.064793253,-48754.59431873162,-920465.9227566023,,-76946.73201954628,,-29455.891078176617,132011.79352436683,-630829.659642598,467.71405971628735,-310817.6848134875,-275607.4724545498,-28085.2071863194,18296.64879597861
2025-07-01,196732.80171772913,-53214.03142554193,,75448.8551518818,10586353.39119478,6762.902134577543,-408445.19226793095,61002.43428162193,72153.10875580471,36261.357200072496,11440585.247160673,-1361608.5816593925,-3025948.895397131,21506.179684777537,-15405.817526879333,8930.009552988446,-5724.295927559135,101136.8097558073,-413760.81418369507,27660.09585288204,139273.63624140393,-1814059.4631336005,2453.185805015544,-52015.33376489177,229326.53983575653,-522516.4239664042,-131578.9311904598,11649.895868907259,,-12265986.975058826,,6421175.144970311,,-808103.1236997839,14524.256493268409,-30390.610742918136,3169.4456945996963,573753.7813163088,-22903.312501220265,25205.785907109926,-258037.73291846883,4966622.403243954,3812904.4127873164,-45853.659260782704,-79139.44679492738,-8384718.553075716,227730.77859112804,413767.9164326155,-186822.87386904348,443371.21584297024,26485.98169629374,,2502.762185630654,,-798380.9310222213,435655.4661846232,-4795.592368339247,,1736.7267039008773,-16928.61682530047,-599048.3564229142,-577571.5378515415,,-195218.7229035583,823761.6863460587,-3924.3655008908163,586119.6239350224,246833.65094670784,508298.9005045647,,-17904.573477981914,-403926.9918933316,873525.7106205325,-628153.8182187546,-1446823.710445073,-50192.46876784296,,-183341.5419971233,-8834.568457252906,135095.11736058316,4551941.580661228,123232.92158249243,350837.4404225478,13815.72342571011,314479.36672548164,-74551.71035264233,-62184.09531165412,30773.204700414917,1510971.173548103,-83744.36546367394,-55148.76005494299,-37839.81943961635,99071.78944752312,-779313.9451740697,-630626.7636708613,5768.494702060643,-257519.11311836337,260520.4853411018,-8878.211953842889,3943.6632565907867
